previewURL,pageURL,tags,imageSize,views,downloads,likes,comments,user,petal_tag,user_length,tag_char
https://cdn.pixabay.com/photo/2022/08/14/08/34/sunflower-7385242_150.jpg,https://pixabay.com/photos/sunflower-flower-yellow-plant-7385242/,sunflower,4506763,21683,17471,110,25,guvo59,petal not tagged,6,9
https://cdn.pixabay.com/photo/2022/08/14/08/34/sunflower-7385242_150.jpg,https://pixabay.com/photos/sunflower-flower-yellow-plant-7385242/,flower,4506763,21683,17471,110,25,guvo59,petal not tagged,6,6
https://cdn.pixabay.com/photo/2022/08/14/08/34/sunflower-7385242_150.jpg,https://pixabay.com/photos/sunflower-flower-yellow-plant-7385242/,yellow,4506763,21683,17471,110,25,guvo59,petal not tagged,6,6
https://cdn.pixabay.com/photo/2022/08/30/17/35/flower-7421594_150.jpg,https://pixabay.com/photos/flower-sunflower-bee-yellow-7421594/,flower,2701789,16063,13563,58,11,Bazela,petal not tagged,6,6
https://cdn.pixabay.com/photo/2022/08/30/17/35/flower-7421594_150.jpg,https://pixabay.com/photos/flower-sunflower-bee-yellow-7421594/,beautiful flowers,2701789,16063,13563,58,11,Bazela,petal not tagged,6,17
https://cdn.pixabay.com/photo/2022/08/30/17/35/flower-7421594_150.jpg,https://pixabay.com/photos/flower-sunflower-bee-yellow-7421594/,sunflower,2701789,16063,13563,58,11,Bazela,petal not tagged,6,9
https://cdn.pixabay.com/photo/2022/11/07/00/27/grasshopper-7575278_150.jpg,https://pixabay.com/photos/grasshopper-insect-sunflower-flower-7575278/,grasshopper,11511479,88748,85037,158,66,ignartonosbg,petal not tagged,12,11
https://cdn.pixabay.com/photo/2022/11/07/00/27/grasshopper-7575278_150.jpg,https://pixabay.com/photos/grasshopper-insect-sunflower-flower-7575278/,insect,11511479,88748,85037,158,66,ignartonosbg,petal not tagged,12,6
https://cdn.pixabay.com/photo/2022/11/07/00/27/grasshopper-7575278_150.jpg,https://pixabay.com/photos/grasshopper-insect-sunflower-flower-7575278/,sunflower,11511479,88748,85037,158,66,ignartonosbg,petal not tagged,12,9
https://cdn.pixabay.com/photo/2022/09/15/09/47/sunflower-7456101_150.jpg,https://pixabay.com/photos/sunflower-insect-flower-flora-7456101/,sunflower,2631064,7441,4515,102,42,ignartonosbg,petal not tagged,12,9
https://cdn.pixabay.com/photo/2022/09/15/09/47/sunflower-7456101_150.jpg,https://pixabay.com/photos/sunflower-insect-flower-flora-7456101/,insect,2631064,7441,4515,102,42,ignartonosbg,petal not tagged,12,6
https://cdn.pixabay.com/photo/2022/09/15/09/47/sunflower-7456101_150.jpg,https://pixabay.com/photos/sunflower-insect-flower-flora-7456101/,flower,2631064,7441,4515,102,42,ignartonosbg,petal not tagged,12,6
https://cdn.pixabay.com/photo/2023/03/06/21/33/sunflower-7834580_150.jpg,https://pixabay.com/photos/sunflower-flower-plant-7834580/,sunflower,4041887,24316,22501,75,12,jackouille21,petal not tagged,12,9
https://cdn.pixabay.com/photo/2023/03/06/21/33/sunflower-7834580_150.jpg,https://pixabay.com/photos/sunflower-flower-plant-7834580/,flower,4041887,24316,22501,75,12,jackouille21,petal not tagged,12,6
https://cdn.pixabay.com/photo/2023/03/06/21/33/sunflower-7834580_150.jpg,https://pixabay.com/photos/sunflower-flower-plant-7834580/,flower background,4041887,24316,22501,75,12,jackouille21,petal not tagged,12,17
https://cdn.pixabay.com/photo/2022/09/02/19/04/sunflower-7428212_150.jpg,https://pixabay.com/photos/sunflower-bumblebee-pollination-7428212/,sunflower,1967703,51349,47814,75,20,Myriams-Fotos,petal not tagged,13,9
https://cdn.pixabay.com/photo/2022/09/02/19/04/sunflower-7428212_150.jpg,https://pixabay.com/photos/sunflower-bumblebee-pollination-7428212/,bumblebee,1967703,51349,47814,75,20,Myriams-Fotos,petal not tagged,13,9
https://cdn.pixabay.com/photo/2022/09/02/19/04/sunflower-7428212_150.jpg,https://pixabay.com/photos/sunflower-bumblebee-pollination-7428212/,pollination,1967703,51349,47814,75,20,Myriams-Fotos,petal not tagged,13,11
https://cdn.pixabay.com/photo/2022/04/15/19/54/flowers-7135053_150.jpg,https://pixabay.com/photos/flowers-sunflower-petals-flora-7135053/,flowers,6312438,68773,52946,157,30,MOHANN,petal not tagged,6,7
https://cdn.pixabay.com/photo/2022/04/15/19/54/flowers-7135053_150.jpg,https://pixabay.com/photos/flowers-sunflower-petals-flora-7135053/,sunflower,6312438,68773,52946,157,30,MOHANN,petal not tagged,6,9
https://cdn.pixabay.com/photo/2022/04/15/19/54/flowers-7135053_150.jpg,https://pixabay.com/photos/flowers-sunflower-petals-flora-7135053/,petals,6312438,68773,52946,157,30,MOHANN,petal tagged,6,6
https://cdn.pixabay.com/photo/2023/01/26/20/22/sunflower-7746933_150.jpg,https://pixabay.com/photos/sunflower-flower-yellow-flower-7746933/,sunflower,2629482,5061,4807,77,1,Ray_Shrewsberry,petal not tagged,15,9
https://cdn.pixabay.com/photo/2023/01/26/20/22/sunflower-7746933_150.jpg,https://pixabay.com/photos/sunflower-flower-yellow-flower-7746933/,flower,2629482,5061,4807,77,1,Ray_Shrewsberry,petal not tagged,15,6
https://cdn.pixabay.com/photo/2023/01/26/20/22/sunflower-7746933_150.jpg,https://pixabay.com/photos/sunflower-flower-yellow-flower-7746933/,yellow flower,2629482,5061,4807,77,1,Ray_Shrewsberry,petal not tagged,15,13
https://cdn.pixabay.com/photo/2023/07/21/22/49/sunflower-bud-8142430_150.jpg,https://pixabay.com/photos/sunflower-bud-plant-flora-green-8142430/,sunflower bud,3074181,33531,31447,88,0,daledbet,petal not tagged,8,13
https://cdn.pixabay.com/photo/2023/07/21/22/49/sunflower-bud-8142430_150.jpg,https://pixabay.com/photos/sunflower-bud-plant-flora-green-8142430/,plant,3074181,33531,31447,88,0,daledbet,petal not tagged,8,5
https://cdn.pixabay.com/photo/2023/07/21/22/49/sunflower-bud-8142430_150.jpg,https://pixabay.com/photos/sunflower-bud-plant-flora-green-8142430/,flora,3074181,33531,31447,88,0,daledbet,petal not tagged,8,5
https://cdn.pixabay.com/photo/2023/07/07/07/14/sunflower-8111909_150.jpg,https://pixabay.com/photos/sunflower-petals-seeds-summer-8111909/,sunflower,3001490,47899,45354,137,0,akirEVarga,petal not tagged,10,9
https://cdn.pixabay.com/photo/2023/07/07/07/14/sunflower-8111909_150.jpg,https://pixabay.com/photos/sunflower-petals-seeds-summer-8111909/,petals,3001490,47899,45354,137,0,akirEVarga,petal tagged,10,6
https://cdn.pixabay.com/photo/2023/07/07/07/14/sunflower-8111909_150.jpg,https://pixabay.com/photos/sunflower-petals-seeds-summer-8111909/,seeds,3001490,47899,45354,137,0,akirEVarga,petal not tagged,10,5
https://cdn.pixabay.com/photo/2023/08/09/18/48/sunflowers-8180147_150.jpg,https://pixabay.com/photos/sunflowers-sunflower-field-8180147/,sunflowers,3811396,7578,4880,93,15,shogun,petal not tagged,6,10
https://cdn.pixabay.com/photo/2023/08/09/18/48/sunflowers-8180147_150.jpg,https://pixabay.com/photos/sunflowers-sunflower-field-8180147/,flower wallpaper,3811396,7578,4880,93,15,shogun,petal not tagged,6,16
https://cdn.pixabay.com/photo/2023/08/09/18/48/sunflowers-8180147_150.jpg,https://pixabay.com/photos/sunflowers-sunflower-field-8180147/,sunflower field,3811396,7578,4880,93,15,shogun,petal not tagged,6,15
https://cdn.pixabay.com/photo/2023/06/19/16/02/beautiful-woman-8074997_150.jpg,https://pixabay.com/photos/beautiful-woman-portrait-fan-woman-8074997/,beautiful woman,9088133,27802,19249,112,13,LoiTran97,petal not tagged,9,15
https://cdn.pixabay.com/photo/2023/06/19/16/02/beautiful-woman-8074997_150.jpg,https://pixabay.com/photos/beautiful-woman-portrait-fan-woman-8074997/,portrait,9088133,27802,19249,112,13,LoiTran97,petal not tagged,9,8
https://cdn.pixabay.com/photo/2023/06/19/16/02/beautiful-woman-8074997_150.jpg,https://pixabay.com/photos/beautiful-woman-portrait-fan-woman-8074997/,fan,9088133,27802,19249,112,13,LoiTran97,petal not tagged,9,3
https://cdn.pixabay.com/photo/2023/09/14/15/48/woman-8253239_150.jpg,https://pixabay.com/photos/woman-asian-beauty-fashion-model-8253239/,woman,4536644,7603,4011,95,9,Tienpts,petal not tagged,7,5
https://cdn.pixabay.com/photo/2023/09/14/15/48/woman-8253239_150.jpg,https://pixabay.com/photos/woman-asian-beauty-fashion-model-8253239/,asian,4536644,7603,4011,95,9,Tienpts,petal not tagged,7,5
https://cdn.pixabay.com/photo/2023/09/14/15/48/woman-8253239_150.jpg,https://pixabay.com/photos/woman-asian-beauty-fashion-model-8253239/,beauty,4536644,7603,4011,95,9,Tienpts,petal not tagged,7,6
https://cdn.pixabay.com/photo/2022/06/19/07/40/sunflower-7271248_150.jpg,https://pixabay.com/photos/sunflower-yellow-flower-bloom-7271248/,sunflower,3833953,4793,4095,88,27,akirEVarga,petal not tagged,10,9
https://cdn.pixabay.com/photo/2022/06/19/07/40/sunflower-7271248_150.jpg,https://pixabay.com/photos/sunflower-yellow-flower-bloom-7271248/,yellow flower,3833953,4793,4095,88,27,akirEVarga,petal not tagged,10,13
https://cdn.pixabay.com/photo/2022/06/19/07/40/sunflower-7271248_150.jpg,https://pixabay.com/photos/sunflower-yellow-flower-bloom-7271248/,bloom,3833953,4793,4095,88,27,akirEVarga,petal not tagged,10,5
https://cdn.pixabay.com/photo/2023/08/24/11/30/sunflower-8210479_150.jpg,https://pixabay.com/photos/sunflower-flower-bud-plant-nature-8210479/,sunflower,1952003,6328,4765,154,42,beasternchen,petal not tagged,12,9
https://cdn.pixabay.com/photo/2023/08/24/11/30/sunflower-8210479_150.jpg,https://pixabay.com/photos/sunflower-flower-bud-plant-nature-8210479/,flower,1952003,6328,4765,154,42,beasternchen,petal not tagged,12,6
https://cdn.pixabay.com/photo/2023/08/24/11/30/sunflower-8210479_150.jpg,https://pixabay.com/photos/sunflower-flower-bud-plant-nature-8210479/,bud,1952003,6328,4765,154,42,beasternchen,petal not tagged,12,3
https://cdn.pixabay.com/photo/2023/07/24/15/10/flower-8147267_150.jpg,https://pixabay.com/photos/flower-sunflower-botany-bud-plant-8147267/,flower,3062556,44891,43721,122,58,matthiasboeckel,petal not tagged,15,6
https://cdn.pixabay.com/photo/2023/07/24/15/10/flower-8147267_150.jpg,https://pixabay.com/photos/flower-sunflower-botany-bud-plant-8147267/,sunflower,3062556,44891,43721,122,58,matthiasboeckel,petal not tagged,15,9
https://cdn.pixabay.com/photo/2023/07/24/15/10/flower-8147267_150.jpg,https://pixabay.com/photos/flower-sunflower-botany-bud-plant-8147267/,botany,3062556,44891,43721,122,58,matthiasboeckel,petal not tagged,15,6
https://cdn.pixabay.com/photo/2023/07/15/12/58/sunflower-8128779_150.jpg,https://pixabay.com/photos/sunflower-yellow-flower-flower-8128779/,sunflower,3521895,12802,10990,111,0,akirEVarga,petal not tagged,10,9
https://cdn.pixabay.com/photo/2023/07/15/12/58/sunflower-8128779_150.jpg,https://pixabay.com/photos/sunflower-yellow-flower-flower-8128779/,yellow flower,3521895,12802,10990,111,0,akirEVarga,petal not tagged,10,13
https://cdn.pixabay.com/photo/2023/07/15/12/58/sunflower-8128779_150.jpg,https://pixabay.com/photos/sunflower-yellow-flower-flower-8128779/,beautiful flowers,3521895,12802,10990,111,0,akirEVarga,petal not tagged,10,17
https://cdn.pixabay.com/photo/2022/09/09/10/39/sunflower-7442736_150.jpg,https://pixabay.com/photos/sunflower-flower-yellow-flower-7442736/,sunflower,3412980,8628,8222,77,35,matthiasboeckel,petal not tagged,15,9
https://cdn.pixabay.com/photo/2022/09/09/10/39/sunflower-7442736_150.jpg,https://pixabay.com/photos/sunflower-flower-yellow-flower-7442736/,flower wallpaper,3412980,8628,8222,77,35,matthiasboeckel,petal not tagged,15,16
https://cdn.pixabay.com/photo/2022/09/09/10/39/sunflower-7442736_150.jpg,https://pixabay.com/photos/sunflower-flower-yellow-flower-7442736/,flower,3412980,8628,8222,77,35,matthiasboeckel,petal not tagged,15,6
